total_params,model_size_mb,num_layers,num_hidden_layers,num_conv_layers,max_width,min_width,avg_width,base_channels,model_type_encoded,cnn_has_pooling,cnn_has_batchnorm,cnn_num_fc_layers,cnn_kernel_size,device_encoded,cpu_cores,cpu_freq_ghz,cpu_cache_l2_mb,ram_total_gb,gpu_memory_gb,input_channels,input_height,input_width,num_classes,batch_size,dataset_encoded,inference_time_mean_ms,training_time_mean_sec,device,dataset_name
50890,0.19412994384765625,2.0,1,0.0,64.0,64.0,64.0,0.0,0,0.0,0.0,1.0,0.0,0,8,3.2,12.0,8.0,8.0,1,28,28,10,64,0,0.0703811645507812,3.8144068717956543,cpu,MNIST
50890,0.19412994384765625,2.0,1,0.0,64.0,64.0,64.0,0.0,0,0.0,0.0,1.0,0.0,1,8,3.2,12.0,8.0,8.0,1,28,28,10,64,0,0.3877401351928711,4.277552127838135,mps,MNIST
101770,0.38822174072265625,2.0,1,0.0,128.0,128.0,128.0,0.0,0,0.0,0.0,1.0,0.0,0,8,3.2,12.0,8.0,8.0,1,28,28,10,64,0,0.0366687774658203,2.7494101524353027,cpu,MNIST
101770,0.38822174072265625,2.0,1,0.0,128.0,128.0,128.0,0.0,0,0.0,0.0,1.0,0.0,1,8,3.2,12.0,8.0,8.0,1,28,28,10,64,0,0.433206558227539,5.275261163711548,mps,MNIST
203530,0.7764053344726562,2.0,1,0.0,256.0,256.0,256.0,0.0,0,0.0,0.0,1.0,0.0,0,8,3.2,12.0,8.0,8.0,1,28,28,10,64,0,0.0611543655395507,2.892719030380249,cpu,MNIST
203530,0.7764053344726562,2.0,1,0.0,256.0,256.0,256.0,0.0,0,0.0,0.0,1.0,0.0,1,8,3.2,12.0,8.0,8.0,1,28,28,10,64,0,0.4961729049682617,5.88048791885376,mps,MNIST
407050,1.5527725219726562,2.0,1,0.0,512.0,512.0,512.0,0.0,0,0.0,0.0,1.0,0.0,0,8,3.2,12.0,8.0,8.0,1,28,28,10,64,0,0.09307861328125,3.256716251373291,cpu,MNIST
407050,1.5527725219726562,2.0,1,0.0,512.0,512.0,512.0,0.0,0,0.0,0.0,1.0,0.0,1,8,3.2,12.0,8.0,8.0,1,28,28,10,64,0,0.7778644561767578,5.7941060066223145,mps,MNIST
55050,0.20999908447265625,3.0,2,0.0,64.0,64.0,64.0,0.0,0,0.0,0.0,1.0,0.0,0,8,3.2,12.0,8.0,8.0,1,28,28,10,64,0,0.0349283218383789,2.7049500942230225,cpu,MNIST
55050,0.20999908447265625,3.0,2,0.0,64.0,64.0,64.0,0.0,0,0.0,0.0,1.0,0.0,1,8,3.2,12.0,8.0,8.0,1,28,28,10,64,0,0.4948616027832031,5.166245937347412,mps,MNIST
118282,0.45121002197265625,3.0,2,0.0,128.0,128.0,128.0,0.0,0,0.0,0.0,1.0,0.0,0,8,3.2,12.0,8.0,8.0,1,28,28,10,64,0,0.0469923019409179,2.819058895111084,cpu,MNIST
118282,0.45121002197265625,3.0,2,0.0,128.0,128.0,128.0,0.0,0,0.0,0.0,1.0,0.0,1,8,3.2,12.0,8.0,8.0,1,28,28,10,64,0,0.484466552734375,4.653186082839966,mps,MNIST
269322,1.0273818969726562,3.0,2,0.0,256.0,256.0,256.0,0.0,0,0.0,0.0,1.0,0.0,0,8,3.2,12.0,8.0,8.0,1,28,28,10,64,0,0.080728530883789,3.0817298889160156,cpu,MNIST
269322,1.0273818969726562,3.0,2,0.0,256.0,256.0,256.0,0.0,0,0.0,0.0,1.0,0.0,1,8,3.2,12.0,8.0,8.0,1,28,28,10,64,0,0.5257129669189453,4.752097845077515,mps,MNIST
669706,2.5547256469726562,3.0,2,0.0,512.0,512.0,512.0,0.0,0,0.0,0.0,1.0,0.0,0,8,3.2,12.0,8.0,8.0,1,28,28,10,64,0,0.1511812210083007,3.9430322647094727,cpu,MNIST
669706,2.5547256469726562,3.0,2,0.0,512.0,512.0,512.0,0.0,0,0.0,0.0,1.0,0.0,1,8,3.2,12.0,8.0,8.0,1,28,28,10,64,0,0.7058382034301758,6.521830797195435,mps,MNIST
59210,0.22586822509765625,4.0,3,0.0,64.0,64.0,64.0,0.0,0,0.0,0.0,1.0,0.0,0,8,3.2,12.0,8.0,8.0,1,28,28,10,64,0,0.0416755676269531,2.7370047569274902,cpu,MNIST
59210,0.22586822509765625,4.0,3,0.0,64.0,64.0,64.0,0.0,0,0.0,0.0,1.0,0.0,1,8,3.2,12.0,8.0,8.0,1,28,28,10,64,0,0.62408447265625,6.041630029678345,mps,MNIST
134794,0.5141983032226562,4.0,3,0.0,128.0,128.0,128.0,0.0,0,0.0,0.0,1.0,0.0,0,8,3.2,12.0,8.0,8.0,1,28,28,10,64,0,0.0601768493652343,2.8808908462524414,cpu,MNIST
134794,0.5141983032226562,4.0,3,0.0,128.0,128.0,128.0,0.0,0,0.0,0.0,1.0,0.0,1,8,3.2,12.0,8.0,8.0,1,28,28,10,64,0,0.8667230606079102,6.355499982833862,mps,MNIST
335114,1.2783584594726562,4.0,3,0.0,256.0,256.0,256.0,0.0,0,0.0,0.0,1.0,0.0,0,8,3.2,12.0,8.0,8.0,1,28,28,10,64,0,0.1067876815795898,3.3574979305267334,cpu,MNIST
335114,1.2783584594726562,4.0,3,0.0,256.0,256.0,256.0,0.0,0,0.0,0.0,1.0,0.0,1,8,3.2,12.0,8.0,8.0,1,28,28,10,64,0,0.6317377090454102,5.154468059539795,mps,MNIST
167690,0.6396865844726562,4.0,3,0.0,256.0,128.0,170.66666666666666,0.0,0,0.0,0.0,1.0,0.0,0,8,3.2,12.0,8.0,8.0,1,28,28,10,64,0,0.0674009323120117,2.9009130001068115,cpu,MNIST
167690,0.6396865844726562,4.0,3,0.0,256.0,128.0,170.66666666666666,0.0,0,0.0,0.0,1.0,0.0,1,8,3.2,12.0,8.0,8.0,1,28,28,10,64,0,0.8152961730957031,5.057845115661621,mps,MNIST
67466,0.25736236572265625,4.0,3,0.0,128.0,64.0,85.33333333333333,0.0,0,0.0,0.0,1.0,0.0,0,8,3.2,12.0,8.0,8.0,1,28,28,10,64,0,0.045323371887207,2.8436107635498047,cpu,MNIST
67466,0.25736236572265625,4.0,3,0.0,128.0,64.0,85.33333333333333,0.0,0,0.0,0.0,1.0,0.0,1,8,3.2,12.0,8.0,8.0,1,28,28,10,64,0,0.635981559753418,6.100062847137451,mps,MNIST
466442,1.7793350219726562,4.0,3,0.0,512.0,256.0,341.3333333333333,0.0,0,0.0,0.0,1.0,0.0,0,8,3.2,12.0,8.0,8.0,1,28,28,10,64,0,0.1272201538085937,3.729381799697876,cpu,MNIST
466442,1.7793350219726562,4.0,3,0.0,512.0,256.0,341.3333333333333,0.0,0,0.0,0.0,1.0,0.0,1,8,3.2,12.0,8.0,8.0,1,28,28,10,64,0,0.6751298904418945,5.580519914627075,mps,MNIST
1059402,4.041297912597656,2.0,0,2.0,16.0,16.0,16.0,16.0,1,1.0,0.0,1.0,3.0,0,8,3.2,12.0,8.0,8.0,3,32,32,10,64,1,6.105184555053711,20.330652236938477,cpu,CIFAR-10
1059402,4.041297912597656,2.0,0,2.0,16.0,16.0,16.0,16.0,1,1.0,0.0,1.0,3.0,1,8,3.2,12.0,8.0,8.0,3,32,32,10,64,1,2.0458221435546875,11.71966791152954,mps,CIFAR-10
2122378,8.096229553222656,2.0,0,2.0,32.0,32.0,32.0,32.0,1,1.0,0.0,1.0,3.0,0,8,3.2,12.0,8.0,8.0,3,32,32,10,64,1,10.67814826965332,29.95431399345398,cpu,CIFAR-10
2122378,8.096229553222656,2.0,0,2.0,32.0,32.0,32.0,32.0,1,1.0,0.0,1.0,3.0,1,8,3.2,12.0,8.0,8.0,3,32,32,10,64,1,2.4849891662597656,13.70283269882202,mps,CIFAR-10
4275978,16.311561584472656,2.0,0,2.0,64.0,64.0,64.0,64.0,1,1.0,0.0,1.0,3.0,0,8,3.2,12.0,8.0,8.0,3,32,32,10,64,1,32.91428089141846,68.24345088005066,cpu,CIFAR-10
4275978,16.311561584472656,2.0,0,2.0,64.0,64.0,64.0,64.0,1,1.0,0.0,1.0,3.0,1,8,3.2,12.0,8.0,8.0,3,32,32,10,64,1,5.414605140686035,33.096678018569946,mps,CIFAR-10
553738,2.1123428344726562,3.0,0,3.0,16.0,16.0,16.0,16.0,1,1.0,0.0,1.0,3.0,0,8,3.2,12.0,8.0,8.0,3,32,32,10,64,1,7.67977237701416,22.65881609916687,cpu,CIFAR-10
553738,2.1123428344726562,3.0,0,3.0,16.0,16.0,16.0,16.0,1,1.0,0.0,1.0,3.0,1,8,3.2,12.0,8.0,8.0,3,32,32,10,64,1,2.354264259338379,11.001394987106323,mps,CIFAR-10
1147914,4.378944396972656,3.0,0,3.0,32.0,32.0,32.0,32.0,1,1.0,0.0,1.0,3.0,0,8,3.2,12.0,8.0,8.0,3,32,32,10,64,1,16.965508460998535,38.64148020744324,cpu,CIFAR-10
1147914,4.378944396972656,3.0,0,3.0,32.0,32.0,32.0,32.0,1,1.0,0.0,1.0,3.0,1,8,3.2,12.0,8.0,8.0,3,32,32,10,64,1,3.4720420837402344,15.71247100830078,mps,CIFAR-10
2474506,9.439491271972656,3.0,0,3.0,64.0,64.0,64.0,64.0,1,1.0,0.0,1.0,3.0,0,8,3.2,12.0,8.0,8.0,3,32,32,10,64,1,44.158101081848145,83.38593101501465,cpu,CIFAR-10
2474506,9.439491271972656,3.0,0,3.0,64.0,64.0,64.0,64.0,1,1.0,0.0,1.0,3.0,1,8,3.2,12.0,8.0,8.0,3,32,32,10,64,1,9.552526473999023,39.11587572097778,mps,CIFAR-10
365706,1.3950576782226562,4.0,0,4.0,16.0,16.0,16.0,16.0,1,1.0,0.0,1.0,3.0,0,8,3.2,12.0,8.0,8.0,3,32,32,10,64,1,9.120607376098633,33.28469514846802,cpu,CIFAR-10
365706,1.3950576782226562,4.0,0,4.0,16.0,16.0,16.0,16.0,1,1.0,0.0,1.0,3.0,1,8,3.2,12.0,8.0,8.0,3,32,32,10,64,1,3.0997753143310547,19.178067207336422,mps,CIFAR-10
919306,3.5068740844726562,4.0,0,4.0,32.0,32.0,32.0,32.0,1,1.0,0.0,1.0,3.0,0,8,3.2,12.0,8.0,8.0,3,32,32,10,64,1,23.911643028259277,47.35413026809693,cpu,CIFAR-10
919306,3.5068740844726562,4.0,0,4.0,32.0,32.0,32.0,32.0,1,1.0,0.0,1.0,3.0,1,8,3.2,12.0,8.0,8.0,3,32,32,10,64,1,4.287242889404297,18.63779091835022,mps,CIFAR-10
2607114,9.945350646972656,4.0,0,4.0,64.0,64.0,64.0,64.0,1,1.0,0.0,1.0,3.0,0,8,3.2,12.0,8.0,8.0,3,32,32,10,64,1,95.77319622039796,149.0283761024475,cpu,CIFAR-10
2607114,9.945350646972656,4.0,0,4.0,64.0,64.0,64.0,64.0,1,1.0,0.0,1.0,3.0,1,8,3.2,12.0,8.0,8.0,3,32,32,10,64,1,9.87417697906494,42.49907875061035,mps,CIFAR-10
11173962,42.625282287597656,17.0,0,17.0,64.0,64.0,64.0,64.0,2,1.0,1.0,1.0,3.0,0,8,3.2,12.0,8.0,8.0,3,32,32,10,64,1,799.1309881210327,1182.9114470481873,cpu,CIFAR-10
11173962,42.625282287597656,17.0,0,17.0,64.0,64.0,64.0,64.0,2,1.0,1.0,1.0,3.0,1,8,3.2,12.0,8.0,8.0,3,32,32,10,64,1,80.09843826293945,263.57340383529663,mps,CIFAR-10
2236682,8.532264709472656,52.0,0,52.0,32.0,32.0,32.0,32.0,3,1.0,1.0,1.0,3.0,0,8,3.2,12.0,8.0,8.0,3,32,32,10,64,1,507.9123735427856,6332.892668962479,cpu,CIFAR-10
2236682,8.532264709472656,52.0,0,52.0,32.0,32.0,32.0,32.0,3,1.0,1.0,1.0,3.0,1,8,3.2,12.0,8.0,8.0,3,32,32,10,64,1,16.147565841674805,57.42293095588684,mps,CIFAR-10
