2400, 9001, 50, 99.04, P0
2400, 9001, 50, 99.04, P0
2400, 9001, 52, 99.07, P0
2400, 9001, 3, 85.80, P0
2400, 9001, 3, 85.80, P0
2400, 9001, 1, 51.33, P0
2400, 9001, 1, 51.33, P0
2400, 9001, 4, 23.00, P0
2400, 9001, 4, 23.00, P0
2400, 9001, 2, 22.58, P0
2400, 9001, 2, 22.58, P0
2400, 9001, 1, 22.47, P0
2400, 9001, 1, 22.47, P0
2400, 9001, 2, 22.49, P0
2400, 9001, 2, 22.49, P0
2400, 9001, 2, 22.48, P0
2400, 9001, 2, 22.48, P0
2400, 9001, 2, 22.41, P0
2400, 9001, 2, 22.41, P0
2400, 9001, 2, 22.36, P0
2400, 9001, 2, 22.35, P0
2400, 9001, 2, 22.35, P0
2400, 9001, 2, 22.33, P0
2400, 9001, 2, 22.33, P0
2400, 9001, 2, 23.27, P0
2400, 9001, 2, 23.27, P0
2415, 9001, 12, 24.25, P0
2415, 9001, 12, 24.25, P0
2415, 9001, 52, 37.45, P0
2415, 9001, 52, 37.45, P0
2415, 9001, 52, 77.61, P0
2415, 9001, 52, 77.61, P0
2415, 9001, 48, 97.20, P0
2415, 9001, 48, 97.20, P0
2415, 9001, 52, 97.27, P0
2415, 9001, 52, 97.27, P0
2415, 9001, 53, 97.02, P0
2415, 9001, 53, 97.02, P0
2415, 9001, 52, 96.26, P0
2415, 9001, 52, 96.26, P0
2415, 9001, 53, 96.01, P0
2415, 9001, 53, 96.01, P0
2415, 9001, 51, 85.94, P0
2415, 9001, 51, 85.94, P0
2415, 9001, 52, 86.23, P0
2415, 9001, 52, 97.98, P0
2415, 9001, 52, 97.98, P0
2415, 9001, 53, 98.15, P0
2415, 9001, 53, 98.15, P0
2415, 9001, 53, 98.20, P0
2415, 9001, 53, 98.20, P0
2415, 9001, 52, 97.86, P0
2415, 9001, 52, 97.86, P0
2415, 9001, 52, 97.86, P0
2415, 9001, 52, 97.86, P0
2415, 9001, 52, 98.42, P0
2415, 9001, 52, 98.42, P0
2415, 9001, 52, 98.47, P0
2415, 9001, 52, 98.47, P0
2415, 8751, 53, 84.50, P2
2415, 8751, 53, 84.50, P2
2415, 8751, 55, 84.67, P2
2415, 8751, 55, 84.67, P2
2415, 8751, 54, 96.34, P2
2415, 8751, 54, 96.34, P2
2415, 8751, 54, 96.28, P2
2415, 8751, 54, 96.28, P2
2415, 8751, 4, 76.79, P2
2415, 8751, 4, 76.79, P2
2415, 8751, 3, 43.47, P2
2415, 8751, 3, 43.47, P2
2415, 8751, 4, 22.79, P2
2415, 8751, 4, 22.79, P2
2415, 8751, 3, 22.38, P2
2415, 8751, 2, 22.35, P2
2415, 8751, 2, 22.35, P2
2415, 8751, 3, 22.36, P2
2415, 8751, 3, 22.36, P2
2415, 8751, 3, 22.32, P2
2415, 8751, 3, 22.32, P2
2415, 8751, 3, 22.33, P2
2415, 8751, 3, 22.33, P2
2415, 8751, 1, 22.26, P2
2415, 8751, 1, 22.26, P2
2415, 8751, 2, 22.17, P2
2415, 8751, 2, 22.17, P2
2415, 8751, 2, 22.14, P2
2415, 8751, 2, 22.14, P2
2415, 8751, 2, 22.71, P2
2415, 8751, 2, 22.71, P2
2430, 8751, 16, 23.75, P2
2430, 8751, 16, 23.75, P2
2430, 8751, 67, 28.64, P2
2430, 8751, 68, 52.28, P2
2430, 8751, 68, 52.28, P2
2430, 8751, 69, 75.74, P2
2430, 8751, 69, 75.74, P2
2430, 8751, 68, 76.40, P2
2430, 8751, 68, 76.40, P2
2430, 8751, 63, 76.31, P2
2430, 8751, 63, 76.31, P2
2430, 8751, 53, 78.41, P2
2430, 8751, 53, 78.41, P2
2430, 8751, 52, 88.33, P2
2430, 8751, 52, 88.33, P2
2430, 8751, 52, 98.53, P2
2430, 8751, 52, 98.53, P2
2430, 8751, 73, 96.78, P2
2430, 8751, 73, 96.78, P2
2430, 8751, 67, 85.53, P2
2430, 8751, 67, 85.53, P2
2430, 8751, 70, 76.81, P2
2430, 8751, 70, 76.81, P2
2430, 8751, 70, 76.68, P2
2430, 8751, 71, 76.72, P2
2430, 8751, 71, 76.72, P2
2430, 8751, 72, 75.50, P2
2430, 8751, 72, 75.50, P2
2430, 8751, 72, 75.88, P2
2430, 8751, 72, 75.88, P2
2430, 8751, 71, 76.93, P2
2430, 8751, 71, 76.93, P2
2430, 8751, 71, 77.17, P2
2430, 8751, 71, 77.17, P2
2430, 8751, 72, 77.28, P2
2430, 8751, 72, 77.28, P2
2430, 8751, 68, 76.90, P2
2430, 8751, 68, 76.90, P2
2430, 8751, 70, 76.85, P2
2430, 8751, 15, 73.20, P2
2430, 8751, 15, 73.20, P2
2430, 8751, 1, 48.80, P2
2430, 8751, 1, 48.80, P2
2430, 8751, 1, 23.75, P2
2430, 8751, 1, 23.75, P2
2430, 8751, 10, 22.41, P2
2430, 8751, 10, 22.41, P2
2430, 8751, 16, 23.86, P2
2430, 8751, 16, 23.86, P2
2430, 8751, 18, 24.94, P2
2430, 8751, 18, 24.94, P2
2430, 8751, 17, 25.10, P2
2430, 8751, 17, 25.10, P2
2430, 8751, 17, 25.33, P2
2430, 8751, 15, 25.41, P2
2430, 8751, 15, 25.41, P2
2430, 8751, 14, 25.43, P2
2430, 8751, 14, 25.43, P2
2430, 8751, 18, 25.32, P2
2430, 8751, 18, 25.32, P2
1380, 5001, 24, 18.82, P3
1380, 5001, 24, 18.82, P3
1260, 810, 29, 19.36, P5
1260, 810, 29, 19.36, P5
1245, 810, 32, 16.97, P5
1245, 810, 32, 16.97, P5
1185, 810, 35, 14.39, P5
1185, 810, 35, 14.39, P5
1230, 810, 37, 13.92, P5
1230, 810, 37, 13.92, P5
1230, 810, 35, 13.97, P5
1230, 810, 35, 13.97, P5
1230, 810, 31, 13.59, P5
1185, 810, 37, 13.39, P5
1185, 810, 37, 13.39, P5
1185, 810, 37, 13.32, P5
1185, 810, 37, 13.32, P5
1155, 810, 37, 13.17, P5
1155, 810, 37, 13.17, P5
1125, 810, 37, 13.01, P5
1125, 810, 37, 13.01, P5
1125, 810, 1, 12.26, P5
1125, 810, 1, 12.26, P5
825, 810, 7, 11.16, P5
825, 810, 7, 11.16, P5
645, 810, 8, 9.91, P5
645, 810, 8, 9.91, P5
540, 810, 68, 10.09, P5
540, 810, 68, 10.09, P5
1275, 810, 41, 12.61, P5
1275, 810, 41, 12.61, P5
1950, 8751, 23, 15.82, P2
1950, 8751, 23, 20.62, P2
1950, 8751, 23, 20.62, P2
1950, 8751, 26, 25.29, P2
1950, 8751, 26, 25.29, P2
1950, 8751, 26, 25.54, P2
1950, 8751, 26, 25.54, P2
1410, 5001, 30, 24.34, P3
1410, 5001, 30, 24.34, P3
1335, 5001, 32, 22.37, P3
1335, 5001, 32, 22.37, P3
1425, 5001, 40, 21.19, P3
1425, 5001, 40, 21.19, P3
